database_name,config_value,modify_timestamp,end_date,n_rank,ENV,CLIENT,update_timestamp
AHP_WAREHOUSE_DEV,v4.7.1,2015-08-05,2015-08-26,-2,DEV,AHP,2015-11-19 11:33:25.750
AHP_WAREHOUSE_DEV,v4.7.4,2015-08-26,2015-09-24,1,DEV,AHP,2015-11-19 11:33:25.750
AHP_WAREHOUSE_DEV,v4.7.7,2015-09-24,2015-10-02,4,DEV,AHP,2015-11-19 11:33:25.750
AHP_WAREHOUSE_DEV,v4.7.8,2015-10-02,2015-11-19,5,DEV,AHP,2015-11-19 11:33:25.750
AHP_WAREHOUSE_PRD,v4.6.4,2015-07-07,2015-10-08,1,PRD,AHP,2015-11-19 11:33:25.750
AHP_WAREHOUSE_PRD,v4.7.8,2015-10-08,2015-11-19,5,PRD,AHP,2015-11-19 11:33:25.750
AHP_WAREHOUSE_QA,v4.7.0-rc.10,2015-07-29,2015-08-11,-3,QA,AHP,2015-11-19 11:33:25.750
AHP_WAREHOUSE_QA,v4.7.1,2015-08-11,2015-08-27,-2,QA,AHP,2015-11-19 11:33:25.750
AHP_WAREHOUSE_QA,v4.7.4,2015-08-27,2015-09-25,1,QA,AHP,2015-11-19 11:33:25.750
AHP_WAREHOUSE_QA,v4.7.7,2015-09-25,2015-10-07,4,QA,AHP,2015-11-19 11:33:25.750
AHP_WAREHOUSE_QA,v4.7.8,2015-10-07,2015-11-03,5,QA,AHP,2015-11-19 11:33:25.750
AHP_WAREHOUSE_QA,v4.9.0-rc.1,2015-11-03,2015-11-12,0,QA,AHP,2015-11-19 11:33:25.750
AHP_WAREHOUSE_QA,v4.9.0-rc.3,2015-11-12,2015-11-19,1,QA,AHP,2015-11-19 11:33:25.750
AHP_WAREHOUSE_UAT,v4.6.4-rc.5,2015-06-25,2015-09-08,0,UAT,AHP,2015-11-19 11:33:25.750
AHP_WAREHOUSE_UAT,v4.7.4,2015-09-08,2015-09-29,1,UAT,AHP,2015-11-19 11:33:25.750
AHP_WAREHOUSE_UAT,v4.7.7,2015-09-29,2015-10-13,4,UAT,AHP,2015-11-19 11:33:25.750
AHP_WAREHOUSE_UAT,v4.7.8,2015-10-13,2015-11-17,5,UAT,AHP,2015-11-19 11:33:25.750
AHP_WAREHOUSE_UAT,v4.9.0-rc.3,2015-11-17,2015-11-19,1,UAT,AHP,2015-11-19 11:33:25.750
BIDCO_WAREHOUSE_DEV,v4.5.7-rc.1,2015-03-13,2015-09-16,2,DEV,BIDCO,2015-11-19 11:33:25.750
BIDCO_WAREHOUSE_DEV,v4.7.6,2015-09-16,2015-09-25,3,DEV,BIDCO,2015-11-19 11:33:25.750
BIDCO_WAREHOUSE_DEV,v4.7.7,2015-09-25,2015-10-19,4,DEV,BIDCO,2015-11-19 11:33:25.750
BIDCO_WAREHOUSE_DEV,v4.7.8,2015-10-19,2015-11-19,5,DEV,BIDCO,2015-11-19 11:33:25.750
BIDCO_WAREHOUSE_PRD,v4.5.2,2015-04-10,2015-10-02,-1,PRD,BIDCO,2015-11-19 11:33:25.750
BIDCO_WAREHOUSE_PRD,v4.7.7,2015-10-02,2015-10-22,4,PRD,BIDCO,2015-11-19 11:33:25.750
BIDCO_WAREHOUSE_PRD,v4.7.8,2015-10-22,2015-11-19,5,PRD,BIDCO,2015-11-19 11:33:25.750
BIDCO_WAREHOUSE_QA,v4.5.2,2015-07-30,2015-09-21,-1,QA,BIDCO,2015-11-19 11:33:25.750
BIDCO_WAREHOUSE_QA,v4.7.6,2015-09-21,2015-09-30,3,QA,BIDCO,2015-11-19 11:33:25.750
BIDCO_WAREHOUSE_QA,v4.7.7,2015-09-30,2015-10-12,4,QA,BIDCO,2015-11-19 11:33:25.750
BIDCO_WAREHOUSE_QA,v4.7.8,2015-10-12,2015-11-19,5,QA,BIDCO,2015-11-19 11:33:25.750
CCCN_WAREHOUSE_DEV,v4.8.0-rc.7,2015-07-31,2015-08-13,-2,DEV,CCCN,2015-11-19 11:33:25.750
CCCN_WAREHOUSE_DEV,v4.8.0-rc.9,2015-08-13,2015-09-29,-1,DEV,CCCN,2015-11-19 11:33:25.750
CCCN_WAREHOUSE_DEV,v4.8.0,2015-09-29,2015-10-08,0,DEV,CCCN,2015-11-19 11:33:25.750
CCCN_WAREHOUSE_DEV,v4.8.2,2015-10-08,2015-11-19,2,DEV,CCCN,2015-11-19 11:33:25.750
CCCN_WAREHOUSE_PRD,v4.6.3,2015-05-27,2015-11-19,-1,PRD,CCCN,2015-11-19 11:33:25.750
CCCN_WAREHOUSE_QA,v4.8.0-rc.7,2015-08-03,2015-08-17,-2,QA,CCCN,2015-11-19 11:33:25.750
CCCN_WAREHOUSE_QA,v4.8.0-rc.9,2015-08-17,2015-09-30,-1,QA,CCCN,2015-11-19 11:33:25.750
CCCN_WAREHOUSE_QA,v4.8.0,2015-09-30,2015-10-09,0,QA,CCCN,2015-11-19 11:33:25.750
CCCN_WAREHOUSE_QA,v4.8.2,2015-10-09,2015-11-19,2,QA,CCCN,2015-11-19 11:33:25.750
CCCN_WAREHOUSE_UAT,v4.6.3,2015-05-27,2015-08-06,-1,UAT,CCCN,2015-11-19 11:33:25.750
CCCN_WAREHOUSE_UAT,v4.8.0-rc.7,2015-08-06,2015-08-18,-2,UAT,CCCN,2015-11-19 11:33:25.750
CCCN_WAREHOUSE_UAT,v4.8.0-rc.9,2015-08-18,2015-10-07,-1,UAT,CCCN,2015-11-19 11:33:25.750
CCCN_WAREHOUSE_UAT,v4.8.0,2015-10-07,2015-10-14,0,UAT,CCCN,2015-11-19 11:33:25.750
CCCN_WAREHOUSE_UAT,v4.8.2,2015-10-14,2015-11-19,2,UAT,CCCN,2015-11-19 11:33:25.750
CHPW_WAREHOUSE_DEV,v4.6.6,2015-06-25,2015-08-07,2,DEV,CHPW,2015-11-19 11:33:25.750
CHPW_WAREHOUSE_DEV,v4.7.1,2015-08-07,2015-08-11,-2,DEV,CHPW,2015-11-19 11:33:25.750
CHPW_WAREHOUSE_DEV,v4.7.2,2015-08-11,2015-09-14,-1,DEV,CHPW,2015-11-19 11:33:25.750
CHPW_WAREHOUSE_DEV,v4.7.6,2015-09-14,2015-09-25,3,DEV,CHPW,2015-11-19 11:33:25.750
CHPW_WAREHOUSE_DEV,v4.7.7,2015-09-25,2015-10-06,4,DEV,CHPW,2015-11-19 11:33:25.750
CHPW_WAREHOUSE_DEV,v4.7.8,2015-10-06,2015-11-03,5,DEV,CHPW,2015-11-19 11:33:25.750
CHPW_WAREHOUSE_DEV,v4.9.0-rc.1,2015-11-03,2015-11-19,0,DEV,CHPW,2015-11-19 11:33:25.750
CHPW_WAREHOUSE_PRD,v4.6.6,2015-07-14,2015-09-24,2,PRD,CHPW,2015-11-19 11:33:25.750
CHPW_WAREHOUSE_PRD,v4.7.6,2015-09-24,2015-10-07,3,PRD,CHPW,2015-11-19 11:33:25.750
CHPW_WAREHOUSE_PRD,v4.7.7,2015-10-07,2015-10-28,4,PRD,CHPW,2015-11-19 11:33:25.750
CHPW_WAREHOUSE_PRD,v4.7.8,2015-10-28,2015-11-19,5,PRD,CHPW,2015-11-19 11:33:25.750
CHPW_WAREHOUSE_QA,v4.6.6,2015-07-21,2015-08-15,2,QA,CHPW,2015-11-19 11:33:25.750
CHPW_WAREHOUSE_QA,v4.7.2,2015-08-15,2015-09-25,-1,QA,CHPW,2015-11-19 11:33:25.750
CHPW_WAREHOUSE_QA,v4.7.7,2015-09-25,2015-10-16,4,QA,CHPW,2015-11-19 11:33:25.750
CHPW_WAREHOUSE_QA,v4.7.8,2015-10-16,2015-11-13,5,QA,CHPW,2015-11-19 11:33:25.750
CHPW_WAREHOUSE_QA,v4.9.0-rc.1,2015-11-13,2015-11-19,0,QA,CHPW,2015-11-19 11:33:25.750
CHPW_WAREHOUSE_UAT,v4.6.6,2015-07-07,2015-08-27,2,UAT,CHPW,2015-11-19 11:33:25.750
CHPW_WAREHOUSE_UAT,v4.7.2,2015-08-27,2015-09-23,-1,UAT,CHPW,2015-11-19 11:33:25.750
CHPW_WAREHOUSE_UAT,v4.7.6,2015-09-23,2015-09-29,3,UAT,CHPW,2015-11-19 11:33:25.750
CHPW_WAREHOUSE_UAT,v4.7.7,2015-09-29,2015-10-21,4,UAT,CHPW,2015-11-19 11:33:25.750
CHPW_WAREHOUSE_UAT,v4.7.8,2015-10-21,2015-11-19,5,UAT,CHPW,2015-11-19 11:33:25.750
FDLS_WAREHOUSE_DEV,v4.5.5-rc.1,2015-03-06,2015-11-19,1,DEV,FDLS,2015-11-19 11:33:25.750
FDLS_WAREHOUSE_PRD,v4.5.2-rc.2,2015-02-23,2015-11-19,-2,PRD,FDLS,2015-11-19 11:33:25.750
FDLS_WAREHOUSE_QA,v4.5.5-rc.1,2015-03-02,2015-11-19,1,QA,FDLS,2015-11-19 11:33:25.750
FDLS_WAREHOUSE_UAT,v4.5.2-rc.2,2015-02-19,2015-11-19,-2,UAT,FDLS,2015-11-19 11:33:25.750
FHN_WAREHOUSE_DEV,v4.7.1,2015-08-05,2015-08-14,-2,DEV,FHN,2015-11-19 11:33:25.750
FHN_WAREHOUSE_DEV,v4.7.2,2015-08-14,2015-08-21,-1,DEV,FHN,2015-11-19 11:33:25.750
FHN_WAREHOUSE_DEV,v4.7.3,2015-08-21,2015-09-02,0,DEV,FHN,2015-11-19 11:33:25.750
FHN_WAREHOUSE_DEV,v4.7.5,2015-09-02,2015-09-24,2,DEV,FHN,2015-11-19 11:33:25.750
FHN_WAREHOUSE_DEV,v4.7.7,2015-09-24,2015-10-16,4,DEV,FHN,2015-11-19 11:33:25.750
FHN_WAREHOUSE_DEV,v4.8.2,2015-10-16,2015-11-03,2,DEV,FHN,2015-11-19 11:33:25.750
FHN_WAREHOUSE_DEV,v4.9.0-rc.1,2015-11-03,2015-11-11,0,DEV,FHN,2015-11-19 11:33:25.750
FHN_WAREHOUSE_DEV,v4.9.0-rc.3,2015-11-11,2015-11-19,1,DEV,FHN,2015-11-19 11:33:25.750
FHN_WAREHOUSE_PRD,v4.6.4,2015-07-02,2015-09-18,1,PRD,FHN,2015-11-19 11:33:25.750
FHN_WAREHOUSE_PRD,v4.7.5,2015-09-18,2015-10-29,2,PRD,FHN,2015-11-19 11:33:25.750
FHN_WAREHOUSE_PRD,v4.8.2,2015-10-29,2015-11-19,2,PRD,FHN,2015-11-19 11:33:25.750
FHN_WAREHOUSE_QA,v4.7.0-rc.10,2015-07-29,2015-08-13,-3,QA,FHN,2015-11-19 11:33:25.750
FHN_WAREHOUSE_QA,v4.7.1,2015-08-13,2015-08-19,-2,QA,FHN,2015-11-19 11:33:25.750
FHN_WAREHOUSE_QA,v4.7.2,2015-08-19,2015-08-25,-1,QA,FHN,2015-11-19 11:33:25.750
FHN_WAREHOUSE_QA,v4.7.3,2015-08-25,2015-09-10,0,QA,FHN,2015-11-19 11:33:25.750
FHN_WAREHOUSE_QA,v4.7.5,2015-09-10,2015-09-25,2,QA,FHN,2015-11-19 11:33:25.750
FHN_WAREHOUSE_QA,v4.7.7,2015-09-25,2015-10-20,4,QA,FHN,2015-11-19 11:33:25.750
FHN_WAREHOUSE_QA,v4.8.2,2015-10-20,2015-11-19,2,QA,FHN,2015-11-19 11:33:25.750
FHN_WAREHOUSE_UAT,v4.6.4-rc.5,2015-07-01,2015-09-11,0,UAT,FHN,2015-11-19 11:33:25.750
FHN_WAREHOUSE_UAT,v4.7.5,2015-09-11,2015-09-29,2,UAT,FHN,2015-11-19 11:33:25.750
FHN_WAREHOUSE_UAT,v4.7.7,2015-09-29,2015-10-23,4,UAT,FHN,2015-11-19 11:33:25.750
FHN_WAREHOUSE_UAT,v4.8.2,2015-10-23,2015-11-19,2,UAT,FHN,2015-11-19 11:33:25.750
ONPT_WAREHOUSE_DEV,v4.7.1,2015-08-04,2015-11-19,-2,DEV,ONPT,2015-11-19 11:33:25.750
SLVTN_WAREHOUSE_DEV,v4.7.1,2015-08-05,2015-09-24,-2,DEV,SLVTN,2015-11-19 11:33:25.750
SLVTN_WAREHOUSE_DEV,v4.7.7,2015-09-24,2015-10-06,4,DEV,SLVTN,2015-11-19 11:33:25.750
SLVTN_WAREHOUSE_DEV,v4.7.8,2015-10-06,2015-11-03,5,DEV,SLVTN,2015-11-19 11:33:25.750
SLVTN_WAREHOUSE_DEV,v4.7.9,2015-11-03,2015-11-19,6,DEV,SLVTN,2015-11-19 11:33:25.750
SLVTN_WAREHOUSE_PRD,v4.6.3,2015-06-05,2015-08-25,-1,PRD,SLVTN,2015-11-19 11:33:25.750
SLVTN_WAREHOUSE_PRD,v4.6.7,2015-08-25,2015-10-28,3,PRD,SLVTN,2015-11-19 11:33:25.750
SLVTN_WAREHOUSE_PRD,v4.7.8,2015-10-28,2015-11-19,5,PRD,SLVTN,2015-11-19 11:33:25.750
SLVTN_WAREHOUSE_QA,v4.7.0-rc.2,2015-06-26,2015-08-06,-5,QA,SLVTN,2015-11-19 11:33:25.750
SLVTN_WAREHOUSE_QA,v4.7.1,2015-08-06,2015-09-25,-2,QA,SLVTN,2015-11-19 11:33:25.750
SLVTN_WAREHOUSE_QA,v4.7.7,2015-09-25,2015-10-07,4,QA,SLVTN,2015-11-19 11:33:25.750
SLVTN_WAREHOUSE_QA,v4.7.8,2015-10-07,2015-11-06,5,QA,SLVTN,2015-11-19 11:33:25.750
SLVTN_WAREHOUSE_QA,v4.7.9,2015-11-06,2015-11-19,6,QA,SLVTN,2015-11-19 11:33:25.750
SLVTN_WAREHOUSE_UAT,v4.6.2-rc.1,2015-05-19,2015-08-12,-2,UAT,SLVTN,2015-11-19 11:33:25.750
SLVTN_WAREHOUSE_UAT,v4.6.7,2015-08-12,2015-09-29,3,UAT,SLVTN,2015-11-19 11:33:25.750
SLVTN_WAREHOUSE_UAT,v4.7.7,2015-09-29,2015-10-14,4,UAT,SLVTN,2015-11-19 11:33:25.750
SLVTN_WAREHOUSE_UAT,v4.7.8,2015-10-14,2015-11-10,5,UAT,SLVTN,2015-11-19 11:33:25.750
SLVTN_WAREHOUSE_UAT,v4.7.9,2015-11-10,2015-11-19,6,UAT,SLVTN,2015-11-19 11:33:25.750
UCF_WAREHOUSE_DEV,v4.7.1,2015-08-04,2015-09-02,-2,DEV,UCF,2015-11-19 11:33:25.750
UCF_WAREHOUSE_DEV,v4.7.5,2015-09-02,2015-09-24,2,DEV,UCF,2015-11-19 11:33:25.750
UCF_WAREHOUSE_DEV,v4.7.7,2015-09-24,2015-11-11,4,DEV,UCF,2015-11-19 11:33:25.750
UCF_WAREHOUSE_DEV,v4.9.0-rc.3,2015-11-11,2015-11-19,1,DEV,UCF,2015-11-19 11:33:25.750
UCF_WAREHOUSE_PRD,v4.7.0-rc.8,2015-07-22,2015-11-19,-4,PRD,UCF,2015-11-19 11:33:25.750
UCF_WAREHOUSE_QA,v4.7.0-rc.8,2015-07-22,2015-08-11,-4,QA,UCF,2015-11-19 11:33:25.750
UCF_WAREHOUSE_QA,v4.7.1,2015-08-11,2015-09-03,-2,QA,UCF,2015-11-19 11:33:25.750
UCF_WAREHOUSE_QA,v4.7.5,2015-09-03,2015-09-25,2,QA,UCF,2015-11-19 11:33:25.750
UCF_WAREHOUSE_QA,v4.7.7,2015-09-25,2015-11-19,4,QA,UCF,2015-11-19 11:33:25.750
UCF_WAREHOUSE_UAT,v4.5.3-rc.3,2015-02-13,2015-08-14,0,UAT,UCF,2015-11-19 11:33:25.750
UCF_WAREHOUSE_UAT,v4.7.1,2015-08-14,2015-09-15,-2,UAT,UCF,2015-11-19 11:33:25.750
UCF_WAREHOUSE_UAT,v4.7.5,2015-09-15,2015-09-29,2,UAT,UCF,2015-11-19 11:33:25.750
UCF_WAREHOUSE_UAT,v4.7.7,2015-09-29,2015-11-19,4,UAT,UCF,2015-11-19 11:33:25.750
VCA_WAREHOUSE_DEV,v4.7.0-rc.2,2015-06-24,2015-08-11,-5,DEV,VCA,2015-11-19 11:33:25.750
VCA_WAREHOUSE_DEV,v4.7.2,2015-08-11,2015-09-01,-1,DEV,VCA,2015-11-19 11:33:25.750
VCA_WAREHOUSE_DEV,v4.7.4,2015-09-01,2015-09-24,1,DEV,VCA,2015-11-19 11:33:25.750
VCA_WAREHOUSE_DEV,v4.8.0,2015-09-24,2015-09-29,0,DEV,VCA,2015-11-19 11:33:25.750
VCA_WAREHOUSE_DEV,v4.8.1,2015-09-29,2015-10-07,1,DEV,VCA,2015-11-19 11:33:25.750
VCA_WAREHOUSE_DEV,v4.8.2,2015-10-07,2015-11-04,2,DEV,VCA,2015-11-19 11:33:25.750
VCA_WAREHOUSE_DEV,v4.9.0-rc.1,2015-11-04,2015-11-12,0,DEV,VCA,2015-11-19 11:33:25.750
VCA_WAREHOUSE_DEV,v4.9.0-rc.3,2015-11-12,2015-11-19,1,DEV,VCA,2015-11-19 11:33:25.750
VCA_WAREHOUSE_QA,v4.7.0-rc.2,2015-06-26,2015-08-12,-5,QA,VCA,2015-11-19 11:33:25.750
VCA_WAREHOUSE_QA,v4.7.2,2015-08-12,2015-09-17,-1,QA,VCA,2015-11-19 11:33:25.750
VCA_WAREHOUSE_QA,v4.7.6,2015-09-17,2015-09-29,3,QA,VCA,2015-11-19 11:33:25.750
VCA_WAREHOUSE_QA,v4.8.1,2015-09-29,2015-10-08,1,QA,VCA,2015-11-19 11:33:25.750
VCA_WAREHOUSE_QA,v4.8.2,2015-10-08,2015-11-19,2,QA,VCA,2015-11-19 11:33:25.750
XCLS_WAREHOUSE_DEV,v4.7.0-rc.10,2015-07-29,2015-08-06,-3,DEV,XCLS,2015-11-19 11:33:25.750
XCLS_WAREHOUSE_DEV,v4.7.1,2015-08-06,2015-09-04,-2,DEV,XCLS,2015-11-19 11:33:25.750
XCLS_WAREHOUSE_DEV,v4.7.4,2015-09-04,2015-09-24,1,DEV,XCLS,2015-11-19 11:33:25.750
XCLS_WAREHOUSE_DEV,v4.7.7,2015-09-24,2015-10-02,4,DEV,XCLS,2015-11-19 11:33:25.750
XCLS_WAREHOUSE_DEV,v4.7.8,2015-10-02,2015-11-19,5,DEV,XCLS,2015-11-19 11:33:25.750
XCLS_WAREHOUSE_PRD,v4.6.4,2015-07-07,2015-10-09,1,PRD,XCLS,2015-11-19 11:33:25.750
XCLS_WAREHOUSE_PRD,v4.7.8,2015-10-09,2015-11-19,5,PRD,XCLS,2015-11-19 11:33:25.750
XCLS_WAREHOUSE_QA,v4.7.0-rc.10,2015-07-30,2015-08-13,-3,QA,XCLS,2015-11-19 11:33:25.750
XCLS_WAREHOUSE_QA,v4.7.1,2015-08-13,2015-08-29,-2,QA,XCLS,2015-11-19 11:33:25.750
XCLS_WAREHOUSE_QA,v4.7.4,2015-08-29,2015-09-25,1,QA,XCLS,2015-11-19 11:33:25.750
XCLS_WAREHOUSE_QA,v4.7.7,2015-09-25,2015-10-06,4,QA,XCLS,2015-11-19 11:33:25.750
XCLS_WAREHOUSE_QA,v4.7.8,2015-10-06,2015-11-06,5,QA,XCLS,2015-11-19 11:33:25.750
XCLS_WAREHOUSE_QA,v4.9.0-rc.1,2015-11-06,2015-11-19,0,QA,XCLS,2015-11-19 11:33:25.750
XCLS_WAREHOUSE_UAT,v4.6.4-rc.5,2015-07-02,2015-09-08,0,UAT,XCLS,2015-11-19 11:33:25.750
XCLS_WAREHOUSE_UAT,v4.7.4,2015-09-08,2015-09-29,1,UAT,XCLS,2015-11-19 11:33:25.750
XCLS_WAREHOUSE_UAT,v4.7.7,2015-09-29,2015-10-14,4,UAT,XCLS,2015-11-19 11:33:25.750
XCLS_WAREHOUSE_UAT,v4.7.8,2015-10-14,2015-11-17,5,UAT,XCLS,2015-11-19 11:33:25.750
XCLS_WAREHOUSE_UAT,v4.9.0-rc.3,11/17/2015,11/19/2015,1,UAT,XCLS,33:25.7
